sentence,label
و ما هو سبب ظهور الأشياء المحرمة و المحظورات و هل تختلف المحظورات من منطقة لأخرى؟ و لماذا ؟,و ما هو سبب ظهور الأشياء المحرمة و المحظورات و هل تختلف المحظورات من منطقة لأخرى؟ و لماذا تختلف المحظورات من منطقة لأخرى؟
المصابيح أو الشموع.,المصابيح أو الشموع.
لسماع حكمة جديدة كل يوم وأخرى عن عالمات الفلك والنجوم,لسماع حكمة جديدة كل يوم ولسماع أخرى عن عالمات الفلك والنجوم
فيما أكمل قائمة الفائزين فائزٌ من ألمانيا و آخر من باكستان.,فيما أكمل قائمة الفائزين فائزٌ من ألمانيا و آخر [أكمل قائمة الفائزين] من باكستان.
الأخلاق,الأخلاق
النيل,النيل
أنا أسافر إلى باريس وهم إلى لندن,أنا أسافر إلى باريس وهم يسافرون إلى لندن
الديناصورات,الديناصورات
أنا متأكدة وواثقة بأن ريو سيفوز عليه ولكن كيف ؟,أنا متأكدة وواثقة بأن ريو سيفوز عليه ولكن كيف سيفوز ريو عليه؟
نعم السودان يمكنه أن يحقق طفرات ولكن كيف ؟,نعم السودان يمكنه أن يحقق طفرات ولكن كيف يمكنه أن يحقق طفرات؟
الفرح,الفرح
الشمس,الشمس
فالرجل يستطيع أن يطلب من صديقه كوباً من الماء وعوناً مالياً أيضاً، أما زوجته فلا.,فالرجل يستطيع أن يطلب من صديقه كوباً من الماء وعوناً مالياً أيضاً، أما زوجته فلا تستطيع أن تطلب من صديقه كوباً من الماء وعوناً مالياً أيضاً.
لاحظت أن بعض المراحل لا يوجد فيها تعليق من ويسكر ولكن لماذا ؟,لاحظت أن بعض المراحل لا يوجد فيها تعليق من ويسكر ولكن لا أعلم لماذا لا يوجد فيها تعليق من ويسكر؟
في الأعياد الوطنية.,في الأعياد الوطنية.
وهؤلاء يؤمنون بالقرآن فقط ولكن السنة فلا,وهؤلاء يؤمنون بالقرآن فقط ولكن السنة فلا يؤمنون بها
الذوبان,الذوبان
قيصر تشين,قيصر تشين
الأصفر,الأصفر
تحدثنا بإيجاز عن توجيه دعوات إلى عمان والسودان والمغرب والسلطة الفلسطينية ربما، وكذلك إلى المملكة العربية السعودية والأردن,تحدثنا بإيجاز عن توجيه دعوات إلى عمان والسودان والمغرب والسلطة الفلسطينية ربما، وكذلك تحدثنا بإيجاز عن توجيه دعوات إلى المملكة العربية السعودية والأردن
جورج واشنطن وتوماس جيفرسون,جورج واشنطن رئيس وتوماس جيفرسون رئيس
بالسقاية والتسميد.,على سبيل المثال، اعتنى أحمد بالنباتات بالسقاية والتسميد.
الحزن,الحزن
كل شيء مزيف يمكن التحكم به... الزواج يمكن التحكم به، أما الحب فلا.,كل شيء مزيف يمكن التحكم به... الزواج يمكن التحكم به، أما الحب فلا يمكن التحكم به.
وللمفاجأة كانت الطائرة سليمة وكذلك مدافعها.,وللمفاجأة كانت الطائرة سليمة وكذلك كانت مدافعها سليمة.
وسجل رونالدو هدفاً من ركلة جزاء و آخر من ركلة حرة.,وسجل رونالدو هدفاً من ركلة جزاء و سجل رونالدو هدفاً آخر من ركلة حرة.
هم يستطيعون أن ينجحوا في الامتحان، ونحن كذلك,هم يستطيعون أن ينجحوا في الامتحان، ونحن نستطيع أن ننجح في الامتحان كذلك
متى أخذت القرار بأن تصبح مصمم للألعاب، ولماذا ؟,متى أخذت القرار بأن تصبح مصمم للألعاب، ولماذا أخذت القرار بأن تصبح مصمم للألعاب ؟
نيوتون,نيوتون
بتقديم المساعدة في المهام اليومية.,بتقديم المساعدة في المهام اليومية.
أحيانا تلجا الغربان لقتل بعضها! ولكن لماذا ؟,أحيانا تلجا الغربان لقتل بعضها! ولكن لماذا تلجا الغربان لقتل بعضها ؟
بالمحافظة على الطبيعة.,بالمحافظة على الطبيعة.
دواء يستخدم في حالات ارتفاع ضغط الدم وكذلك حالات فشل القلب,دواء يستخدم في حالات ارتفاع ضغط الدم وكذلك يستخدم في حالات فشل القلب
لم أقتنع برواية أخي وأردت منه أن يعطي الهاتف لأبي ليطمئن قلبي أكثر لكنه رفض.,لم أقتنع برواية أخي وأردت منه أن يعطي الهاتف لأبي ليطمئن قلبي أكثر لكنه رفض أن يعطي الهاتف لأبي.
بانتظار الضوء الأخضر.,بانتظار الضوء الأخضر ليضيء.
في الأعياد.,أنا سعيد في الأعياد وأنت سعيد في الأعياد.
"هل من مرةَ شعرتَ بأنك شخصَ "" فاشل "" ومتى ؟","هل من مرةَ شعرتَ بأنك شخصَ "" فاشل "" ومتى شعرتَ بذلك؟"
ولا يخفي عليكم بأنها منطقة عشوائية وأخي الأكبر متزوج ويسكن بنفس العقار والأصغر كذلك.,ولا يخفي عليكم بأنها منطقة عشوائية وأخي الأكبر متزوج ويسكن بنفس العقار والأصغر كذلك متزوج ويسكن بنفس العقار.
أنا ألعب الشطرنج وهو بنك الحظ,أنا ألعب الشطرنج وهو يلعب بنك الحظ
في البنك أو المحفظة الإلكترونية.,في البنك أو في المحفظة الإلكترونية.
هل من الممكن نقل البيض إلى حوض آخر؟ و كيف ؟,هل من الممكن نقل البيض إلى حوض آخر؟ و كيف يمكن نقل البيض إلى حوض آخر؟
كل فتاة تختلف عن الأخرى بمقياس الألم، فمن الممكن أن تشعر إحداهن بالألم، أما الأخرى فلا.,كل فتاة تختلف عن الأخرى بمقياس الألم، فمن الممكن أن تشعر إحداهن بالألم، أما الأخرى فلا تشعر بالألم.
شاهدنا مسرحية ماكبث في مسرح الجامعة و الفيلم في السينما.,شاهدنا مسرحية ماكبث في مسرح الجامعة و شاهدنا الفيلم في السينما.
ربما لو قالها الشوكر نتقبلها منه ولكن من حزب محافظ فلا.,ربما لو قالها الشوكر نتقبلها منه ولكن من حزب محافظ فلا نتقبلها.
أعزب,أعزب
أنا أحب الشوكولاتة وهي الفانيليا,أنا أحب الشوكولاتة وهي تحب الفانيليا
على الرغم من أننا قادرون على أن نصل إلى دوري الأضواء ، ولكن متى ؟,على الرغم من أننا قادرون على أن نصل إلى دوري الأضواء ، ولكن متى سنصل إلى دوري الأضواء ؟
وكان يقدمها لنا أستاذ في الأدب العربي، مع العلم أنه لا يعرفني وأنا كذلك.,وكان يقدمها لنا أستاذ في الأدب العربي، مع العلم أنه لا يعرفني وأنا كذلك لا أعرفه.
أقنعها بأن العلم شيء نبيل والزواج كذلك.,أقنعها بأن العلم شيء نبيل والزواج شيء نبيل كذلك.
والرجل يهتدي لمسؤولياته كرجل بفطرته السوية، وكذلك المرأة.,والرجل يهتدي لمسؤولياته كرجل بفطرته السوية، وكذلك المرأة تهتدي لمسؤولياتها كامرأة بفطرتها السوية.
القرض المحرم هو الذي يستغل حاجة الناس، أما البنك فلا.,القرض المحرم هو الذي يستغل حاجة الناس، أما البنك فلا يستغل حاجة الناس.
ولا بد من منع مثل هذه الكارثة، ولكن كيف ؟,ولا بد من منع مثل هذه الكارثة، ولكن كيف يمكن منع مثل هذه الكارثة؟
بالتخلص من النفايات بشكل صحيح.,بالتخلص من النفايات بشكل صحيح.
أعلن مسؤول تركي رفيع المستوى من دون الكشف عن اسمه، الإثنين، أن السعودية أرسلت خبيراً في علم السموم، و آخر في الكيمياء لإخفاء الأدلة في جريمة قتل خاشقجي.,أعلن مسؤول تركي رفيع المستوى من دون الكشف عن اسمه، الإثنين، أن السعودية أرسلت خبيراً في علم السموم، و أرسلت آخر في الكيمياء لإخفاء الأدلة في جريمة قتل خاشقجي.
في الشركات والمؤسسات.,في الشركات والمؤسسات.
في الحدائق والملاعب.,في الحدائق والملاعب.
ومن بعدها سيأتي ناد من كولومبيا و آخر من تشيلي والأرجنتين.,ومن بعدها سيأتي ناد من كولومبيا و سيأتي ناد آخر من تشيلي وسيأتي ناد آخر من الأرجنتين.
بالترشيد والتوفير.,بالترشيد والتوفير.
أنا أشاهد الأفلام الأكشن وهم الأفلام الكوميدية,أنا أشاهد الأفلام الأكشن وهم يشاهدون الأفلام الكوميدية
نحن ذاهبون للتسوق وهم للمطعم,نحن ذاهبون للتسوق وهم ذاهبون للمطعم
كنت دائماً أتحدث كثيرا فى هاتفى مع صديقاتى اتحدث معهم عن الجميع ولكن الآن فلا,كنت دائماً أتحدث كثيرا فى هاتفى مع صديقاتى اتحدث معهم عن الجميع ولكن الآن فلا أتحدث معهم عن الجميع
ستقام المباراة النهائية على أرض محايدة في حالة تأهل فريق من مصر و آخر من المغرب من نصف النهائي.,ستقام المباراة النهائية على أرض محايدة في حالة تأهل فريق من مصر و تأهل فريق آخر من المغرب من نصف النهائي.
هل تعتبر نفسك محظوظ و لماذا ؟,هل تعتبر نفسك محظوظ و لماذا تعتبر نفسك محظوظ؟
هم يزورون الشواطئ ونحن الجبال,هم يزورون الشواطئ ونحن نزور الجبال
هي ظاهرة انتشرت في مجتمعنا في السنوات القليلة الأخيرة. كيف و لما ؟,هي ظاهرة انتشرت في مجتمعنا في السنوات القليلة الأخيرة. كيف انتشرت و لما انتشرت؟
لكن متى يمكنني سحب أموالي و كيف ؟,لكن متى يمكنني سحب أموالي و كيف يمكنني سحب أموالي ؟
أنا أقرأ الكتب وهو المجلات,أنا أقرأ الكتب وهو يقرأ المجلات
التسامح يطيل العمر، فأطول الناس أعماراً هم أكثرهم تسامحاً ولكن لماذا ؟,التسامح يطيل العمر، فأطول الناس أعماراً هم أكثرهم تسامحاً ولكن لماذا يطيل التسامح العمر؟
بالاهتمام والاحترام.,بالاهتمام والاحترام.
بمشاركة السيارات أو استخدام وسائل النقل العامة.,بمشاركة السيارات أو بمشاركة استخدام وسائل النقل العامة.
إن عض الأظافر يؤذي الأظافر نفسها وكذلك الأسنان.,إن عض الأظافر يؤذي الأظافر نفسها وكذلك يؤذي الأسنان.
أوصلت صديقي إلى منزله و أختي إلى عملها,أوصلت صديقي إلى منزله و أوصلت أختي إلى عملها
لا تنقل أشخاص لا تعرفهم في سيارتك فالزمن لا يرحم والقانون أيضا.,لا تنقل أشخاص لا تعرفهم في سيارتك فالزمن لا يرحم والقانون لا يرحم أيضا.
آسيا,آسيا
أنا أحب البرتقال وهي التفاح,أنا أحب البرتقال وهي تحب التفاح
اتفقنا أن نسافر إلى السعودية بالطائرة وهو بالباخرة,اتفقنا أن نسافر إلى السعودية بالطائرة وهو اتفق أن يسافر إلى السعودية بالباخرة
وفي ذات الوقت كان موقف المستشفى سلبي وكذلك الطبيب.,وفي ذات الوقت كان موقف المستشفى سلبي وكذلك كان موقف الطبيب سلبي.
الأرجواني,الأرجواني
"فيما أن هناك أسيرا مضربا في سجن النقب ، و آخر في سجن "" هداريم "".","فيما أن هناك أسيرا مضربا في سجن النقب ، و آخر مضربا في سجن "" هداريم ""."
كانت المنطقة تعيش حالة من الفقر، وكذلك الناس ؛ حيث لا شوارع معبدة ولا كهرباء.,كانت المنطقة تعيش حالة من الفقر، وكذلك كانت الناس تعيش حالة من الفقر؛ حيث لا توجد شوارع معبدة ولا توجد كهرباء.
أحب من الأسماء ما شابه اسمها ووافقه,أحب من الأسماء ما شابه اسمها ووافقه اسمها
ليوناردو دافنشي,ليوناردو دافنشي
الأوكسجين,الأوكسجين
الدقيق,الدقيق
بإعادة التدوير.,بإعادة التدوير.
كما يستعرض المجلس تقريراً عن السياسة الخارجية المصرية و آخر عن نتائج جولة رئيس الوزارء لعدد من المواقع,كما يستعرض المجلس تقريراً عن السياسة الخارجية المصرية و يستعرض المجلس تقريراً آخر عن نتائج جولة رئيس الوزارء لعدد من المواقع
هل تؤيد قيادة المرأة للسيارة و لماذا ؟,هل تؤيد قيادة المرأة للسيارة و هل تؤيد لماذا تؤيد قيادة المرأة للسيارة؟
الابتسامة الحقيقية تكون تجاعيد حول العينين، أما الابتسامة المفتعلة فلا.,الابتسامة الحقيقية تكون تجاعيد حول العينين، أما الابتسامة المفتعلة فلا تكون تجاعيد حول العينين.
في دور السينما.,في دور السينما.
المواطنون غير راضون عن استيراد السيارات المستعملة التي يقل عمرها عن ثلاث سنوات ونحن أيضا.,المواطنون غير راضون عن استيراد السيارات المستعملة التي يقل عمرها عن ثلاث سنوات ونحن غير راضون عن استيراد السيارات المستعملة التي يقل عمرها عن ثلاث سنوات أيضا.
بحل النزاعات.,هو يحل النزاعات.
وإن تعددت الروايات من حولها فلا بد أن يأتي ذلك اليوم، ولكن متى ؟,وإن تعددت الروايات من حولها فلا بد أن يأتي ذلك اليوم، ولكن متى يأتي ذلك اليوم؟
في الكتب والإنترنت.,في الكتب والإنترنت.
بعد نصف ساعة.,بعد نصف ساعة.
فلن يتيسر لأية قيادة ولأية دكتاتورية أخرى أن تمارس هذا النهج، مهما حاولت.,فلن يتيسر لأية قيادة ولأية دكتاتورية أخرى أن تمارس هذا النهج، مهما حاولت أن تمارس هذا النهج.
لا يمكن الإدلاء بالرأي حتى تتكشف خيوط هذي العملية الإرهابية حتى يمكن القول لماذا مثل هذه العمل حدث و كيف ؟,لا يمكن الإدلاء بالرأي حتى تتكشف خيوط هذي العملية الإرهابية حتى يمكن القول لماذا مثل هذه العمل حدث و كيف حدث؟
وقد جرى اصطياد بعضها بالبنادق وأخرى عن طريق الفخ والشبكة,وقد جرى اصطياد بعضها بالبنادق وأخرى عن طريق الفخ والشبكة
فابن خالي الصغير يذهب إلى هناك أما أنا فلا,فابن خالي الصغير يذهب إلى هناك أما أنا فلا أذهب إلى هناك
أنا أسافر إلى روما وهم إلى مدريد,أنا أسافر إلى روما وهم يسافرون إلى مدريد
لا تزال هنالك أسئلة يصعب الإجابة عنها، ولكن لماذا ؟,لا تزال هنالك أسئلة يصعب الإجابة عنها، ولكن لماذا يصعب الإجابة عنها؟
المطعم,المطعم
سيكتب السكرتير التقرير التفصيلي للمشروع وأنت الملخص التنفيذي.,سيكتب السكرتير التقرير التفصيلي للمشروع وأنت ستكتب الملخص التنفيذي.
أنا أذهب إلى النادي وهو إلى المصنع,أنا أذهب إلى النادي وهو يذهب إلى المصنع
المجتمع يهتم الناس والشركات بأموالهم,المجتمع يهتم الناس بأموالهم والشركات تهتم بأموالهم
الأردن تقع شرق فلسطين والعراق غربها,الأردن تقع شرق فلسطين والعراق يقع غرب الأردن
الامر الذى اصابها بارتباك شديد واحست انه يفعل ذلك عن عمد ولكن لماذا ؟,الامر الذى اصابها بارتباك شديد واحست انه يفعل ذلك عن عمد ولكن لماذا يفعل ذلك عن عمد؟
الجنيه الإسترليني,الجنيه الإسترليني
عندما أطلب منه أن نذهب للتسوق يكون رده بأنني أستطيع أن أتسوق بمفردي! نعم بالطبع أستطيع ولكن لماذا ؟,عندما أطلب منه أن نذهب للتسوق يكون رده بأنني أستطيع أن أتسوق بمفردي! نعم بالطبع أستطيع أن أتسوق بمفردي ولكن لماذا يقول ذلك؟
أنا أركض في الحديقة وهو على الشاطئ,أنا أركض في الحديقة وهو يركض على الشاطئ
خاطئ,خاطئ
السبوع,السبوع
أنا أدرس الرياضيات وهو الفيزياء,أنا أدرس الرياضيات وهو يدرس الفيزياء
ولكن يكفل عالماً أفضل بالدرجة الأولى. ولكن كيف ؟,ولكن يكفل عالماً أفضل بالدرجة الأولى. ولكن كيف يكفل عالماً أفضل بالدرجة الأولى؟
بتوفير المواد الدراسية.,بتوفير المواد الدراسية.
الجنوب,الجنوب
بتنظيفها بانتظام.,أنت تقوم بتنظيفها بانتظام.
أنا أقرأ الصحف وهو الكتب,أنا أقرأ الصحف وهو يقرأ الكتب
قرأت فى الثانية عشر كتابا عن شوبنهاور و آخر عن أديناور أول مستشار لجمهورية ألمانيا الاتحادية,قرأت فى الثانية عشر كتابا عن شوبنهاور و قرأت فى الثانية عشر كتابا آخر عن أديناور أول مستشار لجمهورية ألمانيا الاتحادية
في حالات السفر البعيد.,في حالات السفر البعيد أكون في حالات السفر البعيد.
بتقليل استخدام الكلمات العابرة.,بتقليل استخدام الكلمات العابرة.
الأعزاء يرجعون إلى النشريات والمواقع يؤكدون يعني النهج الأموي وبعض أتباع الأمويين والوهابيين يصرحون بأنه يوم مبارك ، ولكن لماذا ؟,الأعزاء يرجعون إلى النشريات والمواقع يؤكدون يعني النهج الأموي وبعض أتباع الأمويين والوهابيين يصرحون بأنه يوم مبارك ، ولكن لماذا يصرحون بأنه يوم مبارك ؟
القمر,القمر
نحن نأكل في المطعم وهم في البيت,نحن نأكل في المطعم وهم يأكلون في البيت
في حال تلقى عرضا من مانشستر سيتي ودفعوا ثمن الصفقة ، سأوافق على الفور فاللاعبين يشعرون بالإحباط وكذلك الجماهير.,في حال تلقى عرضا من مانشستر سيتي ودفعوا ثمن الصفقة ، سأوافق على الفور فاللاعبين يشعرون بالإحباط وكذلك الجماهير تشعر بالإحباط.
"فقال: ""إن العالم يعاملني معاملة طيبة، أما الناس الذين فيه فلا "".","فقال: ""إن العالم يعاملني معاملة طيبة، أما الناس الذين فيه فلا يعاملونني معاملة طيبة""."
بالاجتماع بانتظام.,يجب أن نقوم بالاجتماع بانتظام.
في الصالة الرياضية.,في الصالة الرياضية.
بالمشاركة في الفعاليات الاجتماعية.,بالمشاركة في الفعاليات الاجتماعية.
كنت أحلم أن أزوره حيث كان محذورا على عرب الـ 48 زيارة رام الله أما الآن فممكن,كنت أحلم أن أزوره حيث كان محذورا على عرب الـ 48 زيارة رام الله أما الآن فزيارة رام الله ممكن
في السماء الليلية المظلمة.,في السماء الليلية المظلمة.
لكنه اتضح بأن نوارة اصيب بعيار حي، وكذلك سلامة.,لكنه اتضح بأن نوارة اصيب بعيار حي، وكذلك اتضح بأن سلامة اصيب بعيار حي.
إيفرست,إيفرست
بالمشاركة في الأعمال الخيرية.,بالمشاركة في الأعمال الخيرية.
للوقاية من الأمراض.,للوقاية من الأمراض.
روبرت شومان وجان مونيه,روبرت شومان وجان مونيه هما موسيقيان.
اللياقة والصحة.,اللياقة والصحة.
أتحداك أن تعرف الإجابة عشرة ألغاز خادعة لن تستطيع حلها مهما حاولت.,أتحداك أن تعرف الإجابة عشرة ألغاز خادعة لن تستطيع حلها مهما حاولت.
كما أحرز هدفًا عن طريق ركلة جزاء و آخر عن طريق ركلة حرة مباشرة.,كما أحرز هدفًا عن طريق ركلة جزاء و أحرز هدفًا آخر عن طريق ركلة حرة مباشرة.
بتنظيم وقتنا.,بتنظيم وقتنا بتنظيم وقتنا.
أغسطس,أغسطس
أنا أعمل في الشركة وهي في الجامعة,أنا أعمل في الشركة وهي تعمل في الجامعة
ردوا بأنهم لا يريدون مضيفن سوريين اما مضيفات فممكن,ردوا بأنهم لا يريدون مضيفين سوريين اما مضيفات فممكن يريدون.
فبادرني بالقول: سنصبح عائلة واحدة، فأجبته:;كيف ؟,فبادرني بالقول: سنصبح عائلة واحدة، فأجبته: كيف سنصبح عائلة واحدة؟
ندعو من الله ان يعين أبناء العراق المظلومين منذ 1978 إلى يومنا هذا ، من قال ان صدام افضل و لماذا ؟,ندعو من الله ان يعين أبناء العراق المظلومين منذ 1978 إلى يومنا هذا ، من قال ان صدام افضل و لماذا قال ان صدام افضل؟
الخوارزمي,الخوارزمي
هو يسافر إلى الشرق ونحن إلى الغرب,هو يسافر إلى الشرق ونحن نسافر إلى الغرب
فقالت هيلاري بصوت مليء بالثقه والإيمان: بل لا بد أن تخرج من هنا. ولكن كيف ؟,فقالت هيلاري بصوت مليء بالثقه والإيمان: بل لا بد أن تخرج من هنا. ولكن كيف تخرج من هنا؟
الجنجويد يأتون على الجياد، أما الجيش فلا.,الجنجويد يأتون على الجياد، أما الجيش فلا يأتون على الجياد.
التمست منه زوجته ولسوات أن يغير اسمه لكنه رفض.,التمست منه زوجته ولسوات أن يغير اسمه لكنه رفض أن يغير اسمه.
أنا أحب السباحة وهو الركض,أنا أحب السباحة وهو يحب الركض
أبراهام لينكولن,أبراهام لينكولن
وهذا الكتاب يزخر بالحكمة والتبصر والقلق، وكذلك بالأمل.,وهذا الكتاب يزخر بالحكمة والتبصر والقلق، وكذلك يزخر بالأمل.
الأردن تشتهر بالثوب البدوي والسعودية بالثوب العربي,الأردن تشتهر بالثوب البدوي والسعودية تشتهر بالثوب العربي
ولن تحصل على هوية بأقل ، وأظنك حاولت ، ألم تحاول ؟,ولن تحصل على هوية بأقل ، وأظنك حاولت أن تحصل على هوية بأقل ، ألم تحاول أن تحصل على هوية بأقل ؟
هم شاهدوا الفيلم الجديد ونحن المسلسل القديم,هم شاهدوا الفيلم الجديد ونحن شاهدنا المسلسل القديم
تمكين الأفراد وتطوير المجتمع.,تمكين الأفراد وتطوير المجتمع.
ولا تعتكف إلا إذا أمنت الفتنة، أما إذا لم تأمن الفتنة فلا.,ولا تعتكف إلا إذا أمنت الفتنة، أما إذا لم تأمن الفتنة فلا تعتكف.
أصفر,أصفر
أنا أكتب القصائد وهي الروايات,أنا أكتب القصائد وهي تكتب الروايات
ولكن حتى في هذه الحالة تظهر حالات تنكسية. ولكن لماذا ؟,ولكن حتى في هذه الحالة تظهر حالات تنكسية. ولكن لماذا تظهر حالات تنكسية؟
عرض فيلم وثائقي عن المملكة والعلاقة التاريخية مع إيطاليا و آخر عن تأسيس مدينة روما,عرض فيلم وثائقي عن المملكة والعلاقة التاريخية مع إيطاليا وعرض فيلم وثائقي آخر عن تأسيس مدينة روما
بيتر الأول,بيتر الأول
علي لا يقدر أن يأتي إلى الحفلة، ولكن عمر يقدر,علي لا يقدر أن يأتي إلى الحفلة، ولكن عمر يقدر أن يأتي إلى الحفلة
تتحدث السفيرة اللغة التركية ونائبها اللغة الفارسية,تتحدث السفيرة اللغة التركية ونائبها يتحدث اللغة الفارسية
أنا أسافر إلى بيروت وهم إلى دمشق,أنا أسافر إلى بيروت وهم يسافرون إلى دمشق
بالدراسة والامتحانات.,بالدراسة والامتحانات.
بالتعرف على الثقافات المختلفة.,بالتعرف على الثقافات المختلفة.
البطريق,البطريق
كما أفادت تقارير بأن نجم فالنسيا الأسبق لديه عرضين من السعودية و آخر من الإمارات.,كما أفادت تقارير بأن نجم فالنسيا الأسبق لديه عرضين من السعودية و لديه عرضًا آخر من الإمارات.
من تتمنى أن يكون الضيف بعدك و لماذا ؟,من تتمنى أن يكون الضيف بعدك و لماذا تتمنى أن يكون هو الضيف بعدك ؟
حرية التعبير,حرية التعبير
لا أستطيع أن أكون لطيفة مع من أساء لي حتى وإن حاولت.,لا أستطيع أن أكون لطيفة مع من أساء لي حتى وإن حاولت أن أكون لطيفة.
من خلال الحوافز.,من خلال الحوافز.
توسلت للمسؤولة أن تدخل معي والدتي على الأقل فرفضت.,توسلت للمسؤولة أن تدخل معي والدتي على الأقل فرفضت أن تدخل معي والدتي.
ثم عاد الضيف بقصيدة عن ذكرى عبور السويس وأخرى عن الغزل,ثم عاد الضيف بقصيدة عن ذكرى عبور السويس وأخرى عن الغزل
ونجدها بطبيعتها تعمل للكابلات وأنابيب المياه ولكن للتصريف فلا,ونجدها بطبيعتها تعمل للكابلات وأنابيب المياه ولكن للتصريف فلا تعمل
ويشترون منتجات فلسطينية طبيعية من الأرض الفلسطينية، و أخرى من منتجات يدوية.,ويشترون منتجات فلسطينية طبيعية من الأرض الفلسطينية، و يشترون أخرى من منتجات يدوية.
أنا أعمل في البنك وهي في الشركة,أنا أعمل في البنك وهي تعمل في الشركة
وكان يقول يكفيك راتبك حتى اني اردته ان يدفع ايجار رمزي جدا لكن رفض.,وكان يقول يكفيك راتبك حتى اني اردته ان يدفع ايجار رمزي جدا لكن رفض ان يدفع ايجار رمزي جدا.
الليل,الليل
وتروي حياة طفلة فلسطينية تبلغ 10 سنوات في غزة ، و آخر من نفس العمر في الضفة الغربية.,وتروي حياة طفلة فلسطينية تبلغ 10 سنوات في غزة ، و تروي حياة طفلة آخر تبلغ من نفس العمر في الضفة الغربية.
الأردن تحتفل بعيد الاستقلال والجزائر بعيد النصر,الأردن تحتفل بعيد الاستقلال والجزائر تحتفل بعيد النصر
بالمراقبة الدقيقة.,بالمراقبة الدقيقة.
بحضور العروض والمعارض.,بحضور العروض والمعارض بحضور المعارض.
الزئبق,الزئبق
وخصوصاً أن أوضاعك المالية ما زالت تعاني من خلل كبير . طبعاً ، ستجني المال عما قريب ، ولكن متى ؟,وخصوصاً أن أوضاعك المالية ما زالت تعاني من خلل كبير . طبعاً ، ستجني المال عما قريب ، ولكن متى ستجني المال؟
في منتجع ساحلي.,في منتجع ساحلي.
نقدّم 36 برنامجاً من بينها برامج بلغات أجنبية و أخرى من السعودية وتونس والسودان والمغرب.,نقدّم 36 برنامجاً من بينها برامج بلغات أجنبية و نقدّم برامج أخرى من السعودية وتونس والسودان والمغرب.
الملابس والمستلزمات الشخصية.,الملابس والمستلزمات الشخصية.
فالإمام عليه مسؤولية وتبعات، ومؤذن المسجد والمصلون كذلك.,فالإمام عليه مسؤولية وتبعات، ومؤذن المسجد والمصلون عليهم مسؤولية وتبعات كذلك.
أصر مصطفى همسا أن أبقى . . لست أدري لماذا قبلت.,أصر مصطفى همسا أن أبقى معه. لست أدري لماذا قبلت.
هل تأمل بالعودة للجزائر و متى ؟,هل تأمل بالعودة للجزائر و متى تأمل بالعودة للجزائر؟
هم يحبون كرة القدم ونحن كرة السلة,هم يحبون كرة القدم ونحن نحب كرة السلة
أنا أركض في الصباح وهو في المساء,أنا أركض في الصباح وهو يركض في المساء
فالدكتور لن يكون دكتورًا إلا عندما يجتاز عددًا معينًا من الساعات، وكذلك الممرض.,فالدكتور لن يكون دكتورًا إلا عندما يجتاز عددًا معينًا من الساعات، وكذلك الممرض لن يكون ممرضًا إلا عندما يجتاز عددًا معينًا من الساعات.
يجب أن تبدأ بتسديده عندما تبدأ بالعمل ولكن قبلها فلا,يجب أن تبدأ بتسديده عندما تبدأ بالعمل ولكن قبلها فلا يجب أن تبدأ بتسديده
في الأوقات المخصصة للصلوات والعبادة.,في الأوقات المخصصة للصلوات والعبادة.
أنا أدرس في المدرسة وهو في الجامعة.,أنا أدرس في المدرسة وهو يدرس في الجامعة.
هل أنت فعلا أم ناصر أم هذا مجرد لقب؟ كيف تم التشخيص بالتوحد و أين ؟,هل أنت فعلا أم ناصر أم هذا مجرد لقب؟ كيف تم التشخيص بالتوحد و أين تم التشخيص بالتوحد؟
بزيادة الرواتب وتوفير المزايا.,بزيادة الرواتب وتوفير المزايا.
كما شاركت في العرض تشكيلات راجلة من الدرك الوطني و أخرى من الحرس الوطني.,كما شاركت في العرض تشكيلات راجلة من الدرك الوطني و شاركت في العرض تشكيلات أخرى من الحرس الوطني.
بالمحافظة على التقاليد والعادات.,بالمحافظة على التقاليد والعادات.
الثعبان,الثعبان
وجدير بالذكر أن هذه الدورات مقسّمة بين دورات في أحكام التجويد و أخرى في حفظ كتاب الله العزيز.,وجدير بالذكر أن هذه الدورات مقسّمة بين دورات في أحكام التجويد و دورات أخرى في حفظ كتاب الله العزيز.
الفضة,الفضة
إذا كان هناك خلايا سرطانية من سيقوم بعلاجي و متى ؟,إذا كان هناك خلايا سرطانية من سيقوم بعلاجي و متى سيقوم بعلاجي ؟
خسارة,خسارة
صدرت تصريحات عن المسؤولين في الحكومة اليمنية وأخرى عن جماعة أنصار الله,صدرت تصريحات عن المسؤولين في الحكومة اليمنية وصدرت تصريحات أخرى عن جماعة أنصار الله
أنا طويل وهو قصير نسبياً، كما أجيد ضربات الرأس، أما هو فلا.,أنا طويل وهو قصير نسبياً، كما أجيد ضربات الرأس، أما هو فلا يجيد ضربات الرأس.
وهناك الكثير ممن يقول أريد أن أكون إنساناً فاضلاً ، إنساناً كاملاً ناجحاً في الحياة ، ولكن كيف ؟,وهناك الكثير ممن يقول أريد أن أكون إنساناً فاضلاً ، إنساناً كاملاً ناجحاً في الحياة ، ولكن كيف أكون إنساناً فاضلاً وإنساناً كاملاً وناجحاً في الحياة؟
أنا أكتب الرسائل وهي البريد الإلكتروني,أنا أكتب الرسائل وهي تكتب البريد الإلكتروني
سنبقى هكذا حتى يتوحدوا ويحسموا أمرهم ولكن متى ؟,سنبقى هكذا حتى يتوحدوا ويحسموا أمرهم ولكن متى سيتوحدون ويحسمون أمرهم؟
في الكتب أو المواقع الرسمية.,في الكتب أو في المواقع الرسمية.
الاحتلال يعتقل مواطنا ونجليه من يطا و آخر من الخليل.,الاحتلال يعتقل مواطنا ونجليه من يطا و يعتقل آخر من الخليل.
"قال لي: ""أمي تضربني لأن أختي ادخرت مالاً كثيرًا من التسول""، أما أنا فلا.","قال لي: ""أمي تضربني لأن أختي ادخرت مالاً كثيرًا من التسول""، أما أنا فلا أدخر مالاً كثيرًا من التسول."
زادني الأمر فضولاً . . لدي رغبة في معرفة ذلك الشاب . . ولكن كيف ؟,زادني الأمر فضولاً . . لدي رغبة في معرفة ذلك الشاب . . ولكن كيف أعرف ذلك الشاب؟
نحن نلعب في الحديقة وهم في الصالة الرياضية,نحن نلعب في الحديقة وهم يلعبون في الصالة الرياضية
مواطنين,مواطنين
أنا أتحدث باللغة العربية وهو باللغة الفرنسية,أنا أتحدث باللغة العربية وهو يتحدث باللغة الفرنسية
والذي لا ترضيه السنة فلا أرضاه الله، السنة تتبع ولكن ما زاد عليها فلا.,والذي لا ترضيه السنة فلا أرضاه الله، السنة تتبع ولكن ما زاد عليها فلا أرضاه الله.
أنا أحب السفر وهي الطبخ,أنا أحب السفر وهي تحب الطبخ
الأردن تشتهر بالشاي بالنعناع ومصر بالشاي بالحليب,الأردن تشتهر بالشاي بالنعناع ومصر تشتهر بالشاي بالحليب
عند مغادرة الغرفة.,عند مغادرة الغرفة.
كثيرا من الأسرار التي لا يعرفها كثيرون عن الحرب العراقية الإيرانية، وكذلك عن حرب الخليج الثانية,كثيرا من الأسرار التي لا يعرفها كثيرون عن الحرب العراقية الإيرانية، وكثيرا من الأسرار التي لا يعرفها كثيرون أيضا عن حرب الخليج الثانية
يحق لإحدى الدولتين أن تفرضها على الحقل، ولكن متى ؟,يحق لإحدى الدولتين أن تفرضها على الحقل، ولكن متى يحق لإحدى الدولتين أن تفرضها على الحقل؟
نحن نعمل في المكتب وهم في المصنع,نحن نعمل في المكتب وهم يعملون في المصنع
البحوث الأكاديمية التى أنجزها علماء أجانب ومصريون عن العصر الفرعونى وكذلك عن العصر الإسلامي,البحوث الأكاديمية التى أنجزها علماء أجانب والبحوث الأكاديمية التي أنجزها علماء مصريون عن العصر الفرعونى وكذلك البحوث الأكاديمية التي أنجزها علماء أجانب والبحوث الأكاديمية التي أنجزها علماء مصريون عن العصر الإسلامي
لم تعد مسألة هل سيغادر القذافي السلطة أم لا، ولكنى متى ؟,لم تعد مسألة هل سيغادر القذافي السلطة أم لا، ولكن مسألة متى سيغادر القذافي السلطة؟
وقالوا له أنت تدخل أما هؤلاء فلا,وقالوا له أنت تدخل أما هؤلاء فلا يدخلون
أنا سأخذ الأبيض وخالد الأسود,أنا سأخذ الأبيض وخالد سيأخذ الأسود
لأن معالي المحافظ لم يذكر لنا مبررات تراجع العقارات أو الإيجارات فقد حذر المستثمرين بأنها ستتراجع ولكن لماذا ؟,لأن معالي المحافظ لم يذكر لنا مبررات تراجع العقارات أو مبررات تراجع الإيجارات فقد حذر المستثمرين بأنها ستتراجع ولكن لماذا ستتراجع ؟
بالمشاركة الفعّالة.,بالمشاركة الفعّالة.
لم يُحاكَم أي أحد. واليوم يستمر الجلّادون، وكذلك رؤساؤهم.,لم يُحاكَم أي أحد. واليوم يستمر الجلّادون، وكذلك يستمر رؤساؤهم.
وتساعد الدولة على دفع بعض الأقساط وكذلك الحصول على مبلغ مالي مقطوع,وتساعد الدولة على دفع بعض الأقساط وتساعد الدولة كذلك على الحصول على مبلغ مالي مقطوع
ماو تسي تونغ,ماو تسي تونغ
ربما قبل عقود من الزمان كان بالإمكان إخفاء الكثير من الممارسات، أما الآن فلا.,ربما قبل عقود من الزمان كان بالإمكان إخفاء الكثير من الممارسات، أما الآن فلا يمكن إخفاء الكثير من الممارسات.
عمر يمكنه شراء سيارة، وحسن أيضا يستطيع,عمر يمكنه شراء سيارة، وحسن أيضا يستطيع شراء سيارة.
أبقيت على بعض المال في محفظتي و قد افترض أن أعطيه أحدهم قبيل ليلة لكني نسيت.,أبقيت على بعض المال في محفظتي و قد افترض أن أعطيه أحدهم قبيل ليلة لكني نسيت أن أعطيه أحدهم.
بالانفتاح والثقة والاحترام.,بالانفتاح والثقة والاحترام.
فالمملكة تعد من إحدى الدول القليلة التي لا تحاكم المرأة إذا قادت السيارة تحت تأثير الخمور ولكن لماذا ؟,فالمملكة تعد من إحدى الدول القليلة التي لا تحاكم المرأة إذا قادت السيارة تحت تأثير الخمور ولكن لماذا لا تحاكم المرأة إذا قادت السيارة تحت تأثير الخمور؟
جيمس وات,جيمس وات
نحن نشاهد التلفاز وهم السينما,نحن نشاهد التلفاز وهم يشاهدون السينما
وكذلك محاضرة عن أمراض أعصاب القولون عند الأطفال و أخرى عن تشوهات المريء,وكذلك محاضرة عن أمراض أعصاب القولون عند الأطفال و محاضرة أخرى عن تشوهات المريء
فهناك احتمال بأنك تحمل رقماً فائزاً من نوعٍ آخر في جيبك دون أن تدري، ولكن كيف ؟,فهناك احتمال بأنك تحمل رقماً فائزاً من نوعٍ آخر في جيبك دون أن تدري، ولكن كيف تحمل رقماً فائزاً من نوعٍ آخر في جيبك دون أن تدري؟
حفل تكريم,حفل تكريم
الحديد,الحديد
قبل النوم.,قبل النوم.
هناك مقولة تقول (مكره أخاك لا بطل)، أي سنوافق عليه مكرهين، أما برضانا فلا.,هناك مقولة تقول (مكره أخاك لا بطل)، أي سنوافق عليه مكرهين، أما برضانا فلن نوافق عليه.
هل تتخيل نفسك أن تعيش في جزيرة لوحدك و لماذا ؟,هل تتخيل نفسك أن تعيش في جزيرة لوحدك و لماذا تتخيل نفسك أن تعيش في جزيرة لوحدك ؟
بالطائرة أو القطار.,بالطائرة أو بالقطار.
هم يقرأون الكتاب ونحن الصحيفة,هم يقرأون الكتاب ونحن نقرأ الصحيفة
أما الموت فهي بيد الله... الأطباء يقومون بعملهم والممرضون كذلك.,أما الموت فهي بيد الله... الأطباء يقومون بعملهم والممرضون يقومون بعملهم كذلك.
هل أحتاج لإزالة الخلايا الليمفاوية و لماذا ؟,هل أحتاج لإزالة الخلايا الليمفاوية و لماذا أحتاج لإزالة الخلايا الليمفاوية ؟
إننا نحث السلطات السورية على الإفراج عن كل من الرجلين، وكذلك عن كل الذين اعتقلوا لتعبيرهم عن آراهم,إننا نحث السلطات السورية على الإفراج عن كل من الرجلين، وكذلك نحث السلطات السورية على الإفراج عن كل الذين اعتقلوا لتعبيرهم عن آرائهم
خوفو,خوفو
في اليوم الحادي والعشرين من شهر مارس.,في اليوم الحادي والعشرين من شهر مارس.
فبراير,فبراير
حقق النجاح المطلوب إذ أن الجرافكس أصبحت أفضل والتحكم أيضا.,حقق النجاح المطلوب إذ أن الجرافكس أصبحت أفضل والتحكم أصبح أفضل أيضا.
المصريون يحبون شرب الشاي والسعوديون شرب القهوة,المصريون يحبون شرب الشاي والسعوديون يحبون شرب القهوة
في الجريدة أو الإذاعة.,في الجريدة أو في الإذاعة.
عثمان بن أرطغرل,عثمان بن أرطغرل
نشاطات أسرية,نشاطات أسرية
وكان بدأ بإصدار موسوعة حركة القوميين العرب و أخرى عن الأحزاب السياسية في العالم العربي,وكان بدأ بإصدار موسوعة حركة القوميين العرب و بدأ بإصدار موسوعة أخرى عن الأحزاب السياسية في العالم العربي
السؤال ليس ما إذا كانت الألعاب ستقام، ولكن كيف ؟,السؤال ليس ما إذا كانت الألعاب ستقام، ولكن كيف ستقام الألعاب؟
وقالت الصحيفة إن ترامب أبلغ وزير العدل أنه يجب عليه أن يتراجع عن القرار ، لكنه رفض.,وقالت الصحيفة إن ترامب أبلغ وزير العدل أنه يجب عليه أن يتراجع عن القرار ، لكنه رفض أن يتراجع عن القرار.
كانت الأولوية للأفران والمشافي والنقل والاتصالات والمياه أما التدفئة فلم,كانت الأولوية للأفران والمشافي والنقل والاتصالات والمياه أما التدفئة فلم تكن الأولوية لها.
وكانت إسراء تعتقد أنهن ولدن أمهات بالفطرة، أما هي فلا.,وكانت إسراء تعتقد أنهن ولدن أمهات بالفطرة، أما هي فلا تعتقد أنها ولدت أمًا بالفطرة.
صاح أصدقائي عندئذ: بلى ، نخفّف آلامه ، ونشاركه أحزانه ، ونحاول أن ندخل الفرحة في القلوب البائسة . ولكن كيف ؟,صاح أصدقائي عندئذ: بلى ، نخفّف آلامه ، ونشاركه أحزانه ، ونحاول أن ندخل الفرحة في القلوب البائسة . ولكن كيف نخفّف آلامه ونشاركه أحزانه وندخل الفرحة في القلوب البائسة؟
بزيادة الاستثمارات.,بزيادة الاستثمارات.
على الرفوف.,على الرفوف.
هذا هو شعور معظم البشر للأسف الشديد، فالله يغفر ويسامح، أما البشر فلا.,هذا هو شعور معظم البشر للأسف الشديد، فالله يغفر ويسامح، أما البشر فلا يغفرون ولا يسامحون.
أخبرت موسس بأني أريد أن أساعده بالتجديف ، استغرب ، لكنه وافق.,أخبرت موسس بأني أريد أن أساعده بالتجديف ، استغرب موسس ، لكنه وافق.
إن موضوع شكل العبادة إنما يعمل الفرق عندنا نحن، أما عند الله فلا.,إن موضوع شكل العبادة إنما يعمل الفرق عندنا نحن، أما عند الله فلا يعمل الفرق.
الزهرة,الزهرة
بالامتناع عن التمييز.,بالامتناع عن التمييز.
لن تستطيع مملكة الشر أن تقلل من قيمة السوريين مهما حاولت.,لن تستطيع مملكة الشر أن تقلل من قيمة السوريين مهما حاولت مملكة الشر أن تقلل من قيمة السوريين.
ستقع في مشاكل كل يوم بسبب الصلة بإسرائيل، فقال ولكن لماذا ؟,ستقع في مشاكل كل يوم بسبب الصلة بإسرائيل، فقال ولكن لماذا ستقع في مشاكل كل يوم بسبب الصلة بإسرائيل ؟
في مدارس الموسيقى.,في مدارس الموسيقى.
أنا أشاهد الأفلام الرومانسية وهم أفلام الرعب,أنا أشاهد الأفلام الرومانسية وهم يشاهدون أفلام الرعب
في مدارس اللغات.,في مدارس اللغات.
بعد أن أصبح غنياً وسوف أعمل للاسلام بعد أن أتفرغ من المشاكل. ولكن متى ؟,بعد أن أصبح غنياً وسوف أعمل للاسلام بعد أن أتفرغ من المشاكل. ولكن متى سوف أصبح غنياً وأعمل للإسلام وأتفرغ من المشاكل؟
طلب منها أن تتزوجه ، لكنها رفضت.,طلب منها أن تتزوجه ، لكنها رفضت أن تتزوجه.
وللعلم أن السوري يطبق ما طرحنا حين يستثمر خارجياً، أما داخلياً فلا.,وللعلم أن السوري يطبق ما طرحنا حين يستثمر خارجياً، أما داخلياً فلا يطبق ما طرحنا.
وتوجد بعض المنتجات كاللفت والخس في مرحلة الحصاد و أخرى في مرحلة النضج وحصادها في غضون شهر.,وتوجد بعض المنتجات كاللفت والخس في مرحلة الحصاد و توجد أخرى في مرحلة النضج وحصادها سيكون في غضون شهر.
لإنجاز المهام والمشروعات.,لإنجاز المهام والمشروعات.
رأيت شخصاً طلب من موقع تشات جي بي تي أن ينتج قصيدة تمدح دونالد ترامب ، لكنه رفض.,رأيت شخصاً طلب من موقع تشات جي بي تي أن ينتج قصيدة تمدح دونالد ترامب ، لكنه رفض أن ينتج قصيدة تمدح دونالد ترامب.
وفي مجال إدارة الطاقة مقال عن نظم الإنارة العالية الكفاءة، و آخر عن مصادر الطاقة الحيوية في لبنان,وفي مجال إدارة الطاقة مقال عن نظم الإنارة العالية الكفاءة، و مقال آخر عن مصادر الطاقة الحيوية في لبنان
إذا أتى ابنك او ابنتك طالبا إياك بالموافقة على زواجهم من شخص مسلم وإنما ليس بعربي هل ستوافق و لماذا ؟,إذا أتى ابنك او ابنتك طالبا إياك بالموافقة على زواجهم من شخص مسلم وإنما ليس بعربي هل ستوافق و لماذا ستوافق ؟
يمكن للتفاح أن يبقى حيا عند وضعه في هذه الغرف، أما نحن فلا.,يمكن للتفاح أن يبقى حيا عند وضعه في هذه الغرف، أما نحن فلا يمكن أن نبقى أحياء عند وضعنا في هذه الغرف.
بناء على المخطط الذي وضع بأمر ملكي، فإن هناك مشاريع انتهى إنجازها، و أخرى في الطريق.,بناء على المخطط الذي وضع بأمر ملكي، فإن هناك مشاريع انتهى إنجازها، و أخرى في الطريق إلى الإنجاز.
الأذن,الأذن
أفران التدفئة والمدافئ.,أفران التدفئة والمدافئ.
هم سافروا إلى الأسكندرية ونحن القاهرة,هم سافروا إلى الأسكندرية ونحن سافرنا إلى القاهرة
من هو الابن الأكثر احتراما للبيغ بوس بين الثلاثة الأبناء، و لماذا ؟,من هو الابن الأكثر احتراما للبيغ بوس بين الثلاثة الأبناء، و لماذا هو الأكثر احتراما ؟
يختار كل منهم صورة فوتوغرافية تعبر عن الحرب و أخرى عن السلام,يختار كل منهم صورة فوتوغرافية تعبر عن الحرب و يختار كل منهم صورة فوتوغرافية أخرى تعبر عن السلام
المحيط الهادئ,المحيط الهادئ
أنا أكتب القصائد وهي الخواطر,أنا أكتب القصائد وهي تكتب الخواطر
سيناقشون الرواية الجديدة يوم الخميس و الكتاب يوم الجمعة.,سيناقشون الرواية الجديدة يوم الخميس و سيناقشون الكتاب يوم الجمعة.
كانت كل يوم تغير مكانها... للأسف فقط جلوسها أمامي يسبب لها الوجع ولكن الأماكن الأخرى فلا!,كانت كل يوم تغير مكانها... للأسف فقط جلوسها أمامي يسبب لها الوجع ولكن الأماكن الأخرى فلا تسبب لها الوجع!
وقالوا: بأن الأرض تكلمت بصوت حقيقي، والسماء كذلك ، وأن الأرض تبكي بكاء حقيقياً، وكذلك السماء.,وقالوا: بأن الأرض تكلمت بصوت حقيقي، والسماء تكلمت كذلك بصوت حقيقي، وأن الأرض تبكي بكاء حقيقياً، وكذلك السماء تبكي بكاء حقيقياً.
كذلك ما انفكت اسرائيل تهاجم وتقصف مدناً سورية و أخرى في الجنوب اللبناني.,كذلك ما انفكت اسرائيل تهاجم وتقصف مدناً سورية و تهاجم وتقصف مدناً أخرى في الجنوب اللبناني.
كل هذا الذي تفعله ليس سوى خرافات ووساوس كلها افكار غبية يجب أن نفعل ذلك ولكن كيف ؟,كل هذا الذي تفعله ليس سوى خرافات ووساوس كلها افكار غبية يجب أن نفعل ذلك ولكن كيف يجب أن نفعل ذلك؟
شكسبير,شكسبير
في الشهر الماضي.,في الشهر الماضي.
نزار قباني,نزار قباني
بممارسة الرياضة بانتظام.,بممارسة الرياضة بانتظام يمكنك أن تحافظ على لياقتك البدنية.
كنت أتمنى قبل جولة الإعادة أن تكون هناك إجراءات صلح تشهد لها فرشوط ولكن لماذا ؟,كنت أتمنى قبل جولة الإعادة أن تكون هناك إجراءات صلح تشهد لها فرشوط ولكن لماذا لم تكن هناك إجراءات صلح؟
هذا يعني أنك لم توقّع على أيّ أفلام، ولكن لماذا ؟,هذا يعني أنك لم توقّع على أيّ أفلام، ولكن لماذا لم توقّع على أيّ أفلام؟
أوكتافيان,أوكتافيان
سيظل الرئيس وعائلته يحمي البلد من الحروب الأهلية ولكن من الجوع والفقر والمرض فلا!,سيظل الرئيس وعائلته يحمي البلد من الحروب الأهلية ولكن لن يحمي البلد من الجوع والفقر والمرض فلا!
في الأعياد والمناسبات الخاصة.,في الأعياد والمناسبات الخاصة.
جان جاك روسو,جان جاك روسو
إبريل,إبريل
الفندق مريح جداً وفخم والموقع ممتاز وقريب من السنتر وكذلك من البحيرة والميناء الرئيسي للسفر,الفندق مريح جداً وفخم والموقع ممتاز وقريب من السنتر وكذلك قريب من البحيرة والميناء الرئيسي للسفر
في الكتب والمقالات البحثية.,في الكتب والمقالات البحثية.
أنا أقرأ الكتب وهي الجرائد,أنا أقرأ الكتب وهي تقرأ الجرائد
الأخطاء الشخصية في حقي أنا مسامحك عنها ربنا يحلك، أما الأخطاء اللاهوتية والعقائدية فلا.,الأخطاء الشخصية في حقي أنا مسامحك عنها ربنا يحلك، أما الأخطاء اللاهوتية والعقائدية فلا أسامحك عنها.
هل يمكن الوقاية من السكر الوراثي قبل الاصابة به؟ و كيف ؟,هل يمكن الوقاية من السكر الوراثي قبل الاصابة به؟ و كيف يمكن الوقاية من السكر الوراثي قبل الاصابة به؟
البطاقات الائتمانية والحسابات البنكية.,البطاقات الائتمانية والحسابات البنكية.
من أجل الاستفادة.,من أجل الاستفادة.
بالتخييم ورحلات الهواء الطلق.,أستمتع بالتخييم ورحلات الهواء الطلق.
أنا أكتب في المقهى وهو في المكتبة,أنا أكتب في المقهى وهو يكتب في المكتبة
ونقيب أطباء الجيزة وممثل عن هيئة الإسعاف، و آخر عن مديرية الشئون الصحية بالجيزة.,ونقيب أطباء الجيزة وممثل عن هيئة الإسعاف، و ممثل آخر عن مديرية الشئون الصحية بالجيزة.
توجيههم وتعليمهم القيم الصحيحة.,توجيههم وتعليمهم القيم الصحيحة.
في الأسواق والمحلات التجارية.,في الأسواق والمحلات التجارية.
ونسمع بين فترة وأخرى عن تكون السحب السوداء,ونسمع بين فترة وأخرى عن تكون السحب السوداء
في الأدراج والخزائن.,في الأدراج والخزائن.
أنا على يقين أنه سيحدث ذلك في يومٍ من الأيام ولكن متى ؟,أنا على يقين أنه سيحدث ذلك في يومٍ من الأيام ولكن متى سيحدث ذلك؟
القلق,القلق
أما في حالة الموظفين الذين لا يملكون أي تغطية تأمينية من ذوي الأعمال يتم الحصول على خدمات تأمينية للموظفين وكذلك عائلتهم.,أما في حالة الموظفين الذين لا يملكون أي تغطية تأمينية من ذوي الأعمال يتم الحصول على خدمات تأمينية للموظفين وكذلك يتم الحصول على خدمات تأمينية لعائلتهم.
والعين ليست منفذًا للأكل والشرب، وكذلك الأذن.,والعين ليست منفذًا للأكل والشرب، وكذلك الأذن ليست منفذًا للأكل والشرب.
الكربون,الكربون
ورفع الحصار الظالم عن غزة، ومشروع قرار حول الاستيطان و آخر عن الحل السياسي من كافة جوانبه,ورفع الحصار الظالم عن غزة، ومشروع قرار حول الاستيطان و مشروع قرار آخر عن الحل السياسي من كافة جوانبه
هم يزورون المتحف ونحن الحديقة,هم يزورون المتحف ونحن نزور الحديقة
هم يستمعون إلى الموسيقى ونحن الأفلام,هم يستمعون إلى الموسيقى ونحن نشاهد الأفلام
لم ترغب الزوجة السابقة في تسمية الوالد، ولكن لماذا ؟,لم ترغب الزوجة السابقة في تسمية الوالد، ولكن لماذا لم ترغب الزوجة السابقة في تسمية الوالد؟
في الأنهار والبحار.,في الأنهار والبحار.
التمثيل الضوئي,التمثيل الضوئي
الأطفال يحبون هذا اللون والطائشون أيضا.,الأطفال يحبون هذا اللون والطائشون يحبون هذا اللون أيضا.
ما يكشف عن غرابة وندرة وضع جايسون وكذلك اختلافه.,ما يكشف عن غرابة وندرة وضع جايسون وكذلك يكشف عن اختلافه.
كما عرض فيلم قصير عن بدايات السينما و آخر عن مهرجان خطوات منذ انطلاقته في العام 2013,كما عرض فيلم قصير عن بدايات السينما و عرض فيلم قصير آخر عن مهرجان خطوات منذ انطلاقته في العام 2013
فالمسلم يؤمن أن الإله واحد للجميع، والمسيحيون كذلك.,فالمسلم يؤمن أن الإله واحد للجميع، والمسيحيون يؤمنون أن الإله واحد للجميع كذلك.
بتعزيز اللياقة البدنية.,بتعزيز اللياقة البدنية.
فإن التطبيقات الذكية هي طريقك المختصر للوصول إلى مبيعات مرضية ولكن كيف ؟,فإن التطبيقات الذكية هي طريقك المختصر للوصول إلى مبيعات مرضية ولكن كيف تكون التطبيقات الذكية طريقك المختصر للوصول إلى مبيعات مرضية؟
منهم من يعمل ويستلم راتب وكذلك رشاوي,منهم من يعمل ويستلم راتب وكذلك يستلم رشاوي
بإيقاف الأجهزة عند عدم الاستخدام.,بإيقاف الأجهزة عند عدم الاستخدام.
المريخ,المريخ
باختيار الوجهة المفضلة لدينا.,باختيار الوجهة المفضلة لدينا.
وقفت أتامله كان شكله جميل تمنيت لو اشتريته ولكن لماذا ؟,وقفت أتامله كان شكله جميل تمنيت لو اشتريته ولكن لماذا أشتريه؟
نبوخذنزر,نبوخذنزر
لويس الخامس عشر,لويس الخامس عشر
حاولت بكل الطرق أن اجعله يبدو مشرقا و جميلا و لكنني نسيت.,حاولت بكل الطرق أن اجعله يبدو مشرقا و جميلا و لكنني نسيت أن أجعله يبدو مشرقا و جميلا.
ويعيش بهذه المدينة بعض الأتراك والألمان أيضا.,ويعيش بهذه المدينة بعض الأتراك ويعيش بهذه المدينة بعض الألمان أيضا.
هم يتعلمون اللغة الإسبانية ونحن اللغة الفرنسية,هم يتعلمون اللغة الإسبانية ونحن نتعلم اللغة الفرنسية
هل استطاعت بعض النساء العربيات التغلب على هذه العقبات؟ و كيف ؟,هل استطاعت بعض النساء العربيات التغلب على هذه العقبات؟ و كيف استطعن التغلب على هذه العقبات؟
اتخذنا قرارا لإنجاز ملعب في ورقلة و آخر في بشار.,اتخذنا قرارا لإنجاز ملعب في ورقلة و اتخذنا قرارا لإنجاز ملعب آخر في بشار.
نيلسون مانديلا,نيلسون مانديلا
الأردن تقع جنوب سوريا ولبنان شمالها,الأردن تقع جنوب سوريا ولبنان تقع شمال الأردن
الإسبانية,الإسبانية
وتتعلق المواجهات الثلاثة الأخرى بمباراة من ربع النهائي و أخرى من نصف النهائي فضلا عن المباراة الترتيبية من أجل المركز الثالث.,وتتعلق المواجهات الثلاثة الأخرى بمباراة من ربع النهائي و مباراة أخرى من نصف النهائي فضلا عن المباراة الترتيبية من أجل المركز الثالث.
في أي سنة تم انعقاد الاجتماع الأول لدول الخليج العربية؟ و أين ؟,في أي سنة تم انعقاد الاجتماع الأول لدول الخليج العربية؟ و أين تم انعقاد الاجتماع الأول لدول الخليج العربية؟
وأمرت في هذا الصدد بإحالة تلك الدعوى الخاصة بالتابلت لهيئة مفوضي الدولة ولكن لماذا ؟,وأمرت في هذا الصدد بإحالة تلك الدعوى الخاصة بالتابلت لهيئة مفوضي الدولة ولكن لماذا أمرت بإحالة تلك الدعوى الخاصة بالتابلت لهيئة مفوضي الدولة؟
طلبوا منها أن تأتي معهن وتنضم إليهن ، لكنها رفضت.,طلبوا منها أن تأتي معهن وتنضم إليهن ، لكنها رفضت أن تأتي معهن وتنضم إليهن.
فيما يرجع إلى مخاوف من ازدحام مراكز الاقتراع خلال جائحة كورونا وكذلك إلى الحماس الشديد,فيما يرجع إلى مخاوف من ازدحام مراكز الاقتراع خلال جائحة كورونا وكذلك يرجع إلى الحماس الشديد
بمناقشة الأفكار والآراء.,بمناقشة الأفكار والآراء.
متابعة يومية لأحدث الانباء والتقارير والاحداث وكذلك أخبار مصر في الصحف المصرية,متابعة يومية لأحدث الانباء والتقارير والاحداث وكذلك متابعة يومية لأخبار مصر في الصحف المصرية
ما هو الدليل بأنها نزلت في أحد من بني أمية. و هل العبوس ينافي العصمة و لماذا ؟,ما هو الدليل بأنها نزلت في أحد من بني أمية. و هل العبوس ينافي العصمة و لماذا ينافي العصمة؟
في المحلات أو الأسواق.,في المحلات أو في الأسواق.
دعا الى مواصلة تنظيم مثل هذه الورشة وكذلك الدورات لتأهيل محكمين,دعا الى مواصلة تنظيم مثل هذه الورشة وكذلك دعا الى مواصلة تنظيم الدورات لتأهيل محكمين
تم عرض فيلم وثائقي عن الشهداء المكرمين وأسرهم وآخر عن النشاطات التي تقوم بها صحيفة الاعتدال,تم عرض فيلم وثائقي عن الشهداء المكرمين وأسرهم وتم عرض فيلم وثائقي آخر عن النشاطات التي تقوم بها صحيفة الاعتدال
بالتنظيف اليومي.,بالتنظيف اليومي.
سافروا إلى عدة مدن ساحلية وهو إلى المناطق الجبلية,سافروا إلى عدة مدن ساحلية وهو سافر إلى المناطق الجبلية
بالمحافظة على الموارد الطبيعية.,بالمحافظة على الموارد الطبيعية.
أتعلم ياعادل أريد أن أكون من أنصاره ؛ ؛ ولكن كيف ؟,أتعلم ياعادل أريد أن أكون من أنصاره ؛ ؛ ولكن كيف أكون من أنصاره؟
بالاعتماد على وسائل النقل العامة.,بالاعتماد على وسائل النقل العامة.
الحوت الأزرق,الحوت الأزرق
بعدم التصرف غير المسؤول.,بعدم التصرف غير المسؤول.
حيث أنني أحببت صديق أخي لمدة وهو كذلك.,حيث أنني أحببت صديق أخي لمدة وهو أحبني كذلك.
مبينا ان الطفل يستمد عصبيته في الأغلب من أبناء جيله وكذلك الفتاة.,مبينا ان الطفل يستمد عصبيته في الأغلب من أبناء جيله وكذلك الفتاة تستمد عصبيتها في الأغلب من أبناء جيلها.
الاحباط,الاحباط
ويقول العلماء ان السؤال ليس هل سيحدث ذلك ولكن متى ؟,ويقول العلماء ان السؤال ليس هل سيحدث ذلك ولكن السؤال متى سيحدث ذلك؟
بعدم مشاركة المعلومات الشخصية.,بعدم مشاركة المعلومات الشخصية.
الثقة,الثقة
وتقبيل النساء من المحارم لا بأس به، ولكن العلماء كرهوه إلا في الأم فيقبل الرجل رأسها أو جبهتها وكذلك البنت.,وتقبيل النساء من المحارم لا بأس به، ولكن العلماء كرهوه إلا في الأم فيقبل الرجل رأسها أو جبهتها وكذلك يقبل الرجل رأس البنت أو جبهتها.
أرمل,أرمل
أنا ألعب البيانو وهو الجيتار,أنا ألعب البيانو وهو يلعب الجيتار
بريد إلكتروني وكيبورد.,بريد إلكتروني وكيبورد.
بالتقليل من الاستهلاك.,بالتقليل من الاستهلاك.
الحشود السائرة ملأت شوارع لندن وباريس وواشنطن ، و أخرى في مدن إسبانية وآسيوية.,الحشود السائرة ملأت شوارع لندن وباريس وواشنطن ، و ملأت أخرى شوارع في مدن إسبانية وآسيوية.
يتناول هذا المقال التعريف بالأسمدة العضوية وأهم فوائدها وكذلك أضرار الأسمدة الكيماوية,يتناول هذا المقال التعريف بالأسمدة العضوية وأهم فوائدها وكذلك يتناول أضرار الأسمدة الكيماوية
تراجعت إذا أعمال العنف مع حدوث هذه التطورات ، ولكن لماذا ؟,تراجعت إذا أعمال العنف مع حدوث هذه التطورات ، ولكن لماذا تراجعت أعمال العنف؟
الأردن تشتهر بالمنسف والمغرب بالكسكس,الأردن تشتهر بالمنسف والمغرب تشتهر بالكسكس
علينا التفكير بالصواب ونعالج المشكلة وهنا نسأل كيف ؟,علينا التفكير بالصواب ونعالج المشكلة وهنا نسأل كيف نعالج المشكلة؟
والجزء الأكبر من تلك الطرق معبد بواقع 3،732،757 كم أما الباقي فلا,والجزء الأكبر من تلك الطرق معبد بواقع 3،732،757 كم أما الباقي فلا يكون معبداً
بتخصيص الوقت للأسرة والاسترخاء.,بتخصيص الوقت للأسرة وبتخصيص الوقت للاسترخاء.
كما تم عرض فيلم وثائقي عن الشهداء المكرمين وأسرهم و آخر عن النشاطات التي تقوم بها صحيفة الاعتدال,كما تم عرض فيلم وثائقي عن الشهداء المكرمين وأسرهم و تم عرض فيلم وثائقي آخر عن النشاطات التي تقوم بها صحيفة الاعتدال
هي التي يجب أن تسود العالم ، ولكن متى ؟,هي التي يجب أن تسود العالم ، ولكن متى يجب أن تسود العالم؟
محمد يستطيع أن يذهب بمفرده، حتى محمود يستطيع,محمد يستطيع أن يذهب بمفرده، حتى محمود يستطيع أن يذهب بمفرده
والعبارة هي أننا سامحناكم في سبكم للمسلمين وعلمائهم ولكن الرسول الكريم صلى الله عليه وآله وسلم، فلا.,والعبارة هي أننا سامحناكم في سبكم للمسلمين وعلمائهم ولكن الرسول الكريم صلى الله عليه وآله وسلم، فلا نسامحكم في سبكم له.
الأردن تشتهر بالأدب العربي والجزائر بالأدب الأمازيغي,الأردن تشتهر بالأدب العربي والجزائر تشتهر بالأدب الأمازيغي
أنا أحب السباحة وهي التزلج,أنا أحب السباحة وهي تحب التزلج
وقد أصدرت أعداداً ممتازة عن مشكلات التعليم الديني، و أخرى عن الفتوى وصناعة المفتي,وقد أصدرت أعداداً ممتازة عن مشكلات التعليم الديني، و أصدرت أعداداً ممتازة أخرى عن الفتوى وصناعة المفتي
أنا أحب الفراولة وهي الكرز,أنا أحب الفراولة وهي تحب الكرز
الأردن تحدها سوريا والعراق تركيا,الأردن تحدها سوريا والعراق يحد الأردن تركيا
في نهاية كل عام.,في نهاية كل عام.
بتبادل الثقافات.,بتبادل الثقافات.
طلبنا منهم أن يكونوا جزءاً من لجنة الحوار لكنهم رفضوا.,طلبنا منهم أن يكونوا جزءاً من لجنة الحوار لكنهم رفضوا أن يكونوا جزءاً من لجنة الحوار.
تساهم مباشرة في قتل السوريين وتدمير بلدهم، ولا تستطيع أن تتنكر لذلك مهما حاولت.,تساهم مباشرة في قتل السوريين وتدمير بلدهم، ولا تستطيع أن تتنكر لذلك مهما حاولت أن تتنكر لذلك.
بسقيها بانتظام.,أنا بسقيها بانتظام.
في فترات محددة من العمر.,في فترات محددة من العمر.
وتضم اكاديمية لتعليم كورة القدم والتنس ايضا وكذلك متجر خاص بالأكاديمية والعديد من الأخبار,وتضم اكاديمية لتعليم كورة القدم والتنس ايضا وتضم كذلك متجر خاص بالأكاديمية وتضم العديد من الأخبار
تهطل الأمطار في مصر في فصل الشتاء و في أمريكا طوال العام.,تهطل الأمطار في مصر في فصل الشتاء و تهطل الأمطار في أمريكا طوال العام.
أنا أدرس الكيمياء وهو البيولوجيا,أنا أدرس الكيمياء وهو يدرس البيولوجيا
كان يريد أن أعمل لصالحهم لكنني رفضت.,كان يريد أن أعمل لصالحهم لكنني رفضت أن أعمل لصالحهم.
وندوة الثقافة العلمية ودورها في التنمية الوطنية، و أخرى عن الأطباء والأدباء والأدب في حياتهم,وندوة الثقافة العلمية ودورها في التنمية الوطنية، و ندوة أخرى عن الأطباء والأدباء والأدب في حياتهم
أنا أشاهد الأخبار وهم الأفلام,أنا أشاهد الأخبار وهم يشاهدون الأفلام
الصوديوم,الصوديوم
سيرا طلبت من الاخ الثاني ان تسكن معه في طوكيو لكنه رفض.,سيرا طلبت من الاخ الثاني ان تسكن معه في طوكيو لكنه رفض ان تسكن معه في طوكيو.
باستخدام الكلمات والعبارات المناسبة.,باستخدام الكلمات والعبارات المناسبة.
رأيت سجينا عن يميني وآخر عن شمال وآخر من خلفي,رأيت سجينا عن يميني وآخر عن شمالي وآخر من خلفي
من قام بهذا الفعل لديه أصحاب يشاركونه قناعته، فاذهب إليهم والتمس منهم الاعتذار، أما مني فلا.,من قام بهذا الفعل لديه أصحاب يشاركونه قناعته، فاذهب إليهم والتمس منهم الاعتذار، أما مني فلا تلتمس الاعتذار.
فنحن نحتاج إلى التفكير في كيفية التقليل من هذه التكاليف ، ولكن كيف ؟,فنحن نحتاج إلى التفكير في كيفية التقليل من هذه التكاليف ، ولكن كيف نحتاج إلى التفكير في كيفية التقليل من هذه التكاليف؟
ناهيك عن مقال عن الريع الحزبي والنقابي والجمعوي و آخر عن الفرق بين المناضل والانتهازي,ناهيك عن مقال عن الريع الحزبي والنقابي والجمعوي و آخر مقال عن الفرق بين المناضل والانتهازي
نجيب محفوظ,نجيب محفوظ
الأكيد أنه يجب ايقاف ماكينة الموت اليومية على الطرق اللبنانية! ولكن كيف ؟,الأكيد أنه يجب ايقاف ماكينة الموت اليومية على الطرق اللبنانية! ولكن كيف يجب ايقاف ماكينة الموت اليومية على الطرق اللبنانية؟
كلنا نشعر بالجوع وهم العطش,كلنا نشعر بالجوع وهم يشعرون بالعطش
هل يجوز للمراه ممارسة الرياضة بالمراكز المخصصه بالنساء وكذلك ممارسة رياضة كرة السلة وكرة الطائرة,هل يجوز للمراه ممارسة الرياضة بالمراكز المخصصه بالنساء وكذلك هل يجوز للمراه ممارسة رياضة كرة السلة وكرة الطائرة
مواطنون,مواطنون
الماء أو العصير.,الماء أو العصير.
بالحد من الاستهلاك.,بالحد من الاستهلاك.
كما أكدت الشركة أنها تلقت ما بين أربعة إلى خمسة آلاف طلب من الحكومة الاتحادية الأميركية و أخرى من سلطات محلية.,كما أكدت الشركة أنها تلقت ما بين أربعة إلى خمسة آلاف طلب من الحكومة الاتحادية الأميركية و تلقت طلبات أخرى من سلطات محلية.
فلماذا لا يحتوى القاموس على ترجمة بلا انترنت و أخرى عن طريق الانترنت,فلماذا لا يحتوى القاموس على ترجمة بلا انترنت و أخرى عن طريق الانترنت
قررت أن أكتب تدوينات عديدة فيها ملخصات كتب قرأتها وأخرى عن بعض المناطق التي سافرت إليها,قررت أن أكتب تدوينات عديدة فيها ملخصات كتب قرأتها وأخرى عن بعض المناطق التي سافرت إليها
انا انام فوق السرير وهم بالارض,انا انام فوق السرير وهم ينامون بالارض
أنا أقرأ الروايات وهو القصص,أنا أقرأ الروايات وهو يقرأ القصص
أنا أشرب العصير وهي الماء,أنا أشرب العصير وهي تشرب الماء
فدراسة تتحدث عن الفوائد و أخرى عن المضار,فدراسة تتحدث عن الفوائد و أخرى تتحدث عن المضار
مارتن لوثر كينغ,مارتن لوثر كينغ
أمهم تلبس وتحضر الحفلات وتقوم بالزيارات وكذلك الأب.,أمهم تلبس وتحضر الحفلات وتقوم بالزيارات وكذلك الأب يلبس ويحضر الحفلات ويقوم بالزيارات.
في كل الأوقات.,في كل الأوقات.
كانبرا,كانبرا
وفي العام الماضي ، افتتحت مصنعا جديدا لتجميع السيارات في تايلاند و آخر في إقليم تشونجينج بوسط الصين.,وفي العام الماضي ، افتتحت مصنعا جديدا لتجميع السيارات في تايلاند و افتتحت مصنعا آخر جديدا لتجميع السيارات في إقليم تشونجينج بوسط الصين.
مع العلم بأن البيت مؤجر باسمها فهي تشتغل وأنا كذلك.,مع العلم بأن البيت مؤجر باسمها فهي تشتغل وأنا أشتغل كذلك.
والآن تخرج زوجي ولكنني لازلت أدرس وكذلك أولادي.,والآن تخرج زوجي ولكنني لازلت أدرس وكذلك أولادي لازالوا يدرسون.
نحن نستمع إلى الموسيقى وهم إلى البودكاست,نحن نستمع إلى الموسيقى وهم يستمعون إلى البودكاست
بعد شهر رمضان.,بعد شهر رمضان.
فريدريك الثاني,فريدريك الثاني
هل يحق لبريطانيا إعطاء اليهود هذا التصريح ؟ و لماذا ؟,هل يحق لبريطانيا إعطاء اليهود هذا التصريح ؟ و لماذا يحق لبريطانيا إعطاء اليهود هذا التصريح ؟
فهل نحاسب انفسنا؟! وحتى لو كنا نحاسبها فكيف ؟ و لماذا ؟,فهل نحاسب انفسنا؟! وحتى لو كنا نحاسبها فكيف نحاسب انفسنا ؟ و لماذا نحاسب انفسنا ؟
الفرق هو أن الشخص الأول يتعامل مع مشاكله بذكاءٍ عاطفي، أما الآخر فلا.,الفرق هو أن الشخص الأول يتعامل مع مشاكله بذكاءٍ عاطفي، أما الآخر فلا يتعامل مع مشاكله بذكاءٍ عاطفي.
الروديوم,الروديوم
من الممكن أن تستثمر سارة أموالها في البنك، أو في العقارات,من الممكن أن تستثمر سارة أموالها في البنك، أو أن تستثمر سارة أموالها في العقارات
المشتري,المشتري
أنا أحب المسلسلات وهي الأفلام,أنا أحب المسلسلات وهي تحب الأفلام
وفجأة خرج عليها والدها وطلب منها أن تعيد عليه الأبيات فرفضت.,وفجأة خرج عليها والدها وطلب منها أن تعيد عليه الأبيات فرفضت أن تعيد عليه الأبيات.
فجمع عينات من تراب القمر، و أخرى من صخوره ومعادنه.,فجمع عينات من تراب القمر، و جمع عينات أخرى من صخوره ومعادنه.
بالمحافظة على النباتات والحيوانات.,بالمحافظة على النباتات والحيوانات [نحافظ على البيئة].
تناول هذا المقال قيمة القمامة المنزلية وبعض الأفكار لإعادة تدويرها وكذلك أهمية تدوير القمامة للإنسان والبيئة,تناول هذا المقال قيمة القمامة المنزلية وبعض الأفكار لإعادة تدويرها وكذلك تناول هذا المقال أهمية تدوير القمامة للإنسان والبيئة
السيليكون,السيليكون
للتنقل داخل المدينة.,يمكنك استخدام الحافلة أو المترو أو سيارات الأجرة للتنقل داخل المدينة.
في المكتبة أو المعرض.,في المكتبة أو في المعرض.
هم يعرفون قيمة الأحاديث النبوية والآيات ولكن كتطبيق عملي فلا!,هم يعرفون قيمة الأحاديث النبوية والآيات ولكن كتطبيق عملي فلا يعرفون قيمتها!
القبض على متهمين أثنين في بغداد و آخر في ميسان.,القبض على متهمين أثنين في بغداد و القبض على متهم آخر في ميسان.
من السوق المحلي.,من السوق المحلي.
ميغيل دي سرفانتس,ميغيل دي سرفانتس
وقد يكون للنفط شأن في الأعمال الروائية ولكن متى ؟,وقد يكون للنفط شأن في الأعمال الروائية ولكن متى يكون للنفط شأن في الأعمال الروائية؟
أي طرق الاتصال بين الحضارة الإسلامية و أوروبا كانت أكثر تأثيرا في النهضة الأوروبية من وجهة نظرك . و لماذا ؟,أي طرق الاتصال بين الحضارة الإسلامية و أوروبا كانت أكثر تأثيرا في النهضة الأوروبية من وجهة نظرك . و لماذا كانت أكثر تأثيرا ؟
المحكمة الدستورية ستقضى بعدم دستوريته ولكن متى ؟,المحكمة الدستورية ستقضى بعدم دستوريته ولكن متى ستقضي المحكمة الدستورية بعدم دستوريته؟
احترام القواعد,احترام القواعد
بغسل الأطباق وكنس الأرضية.,بغسل الأطباق وأنا بكنس الأرضية.
بالتقليل من استخدام البلاستيك.,بالتقليل من استخدام البلاستيك.
قررت أن أكتب تدوينات عديدة فيها ملخصات كتب قرأتها و أخرى عن بعض المناطق التي سافرت إليها,قررت أن أكتب تدوينات عديدة فيها ملخصات كتب قرأتها و أن أكتب تدوينات عديدة أخرى عن بعض المناطق التي سافرت إليها
بمشاهدة التلفزيون أو قراءة كتاب.,بمشاهدة التلفزيون أو قراءة كتاب.
"كما يشارك في لقاء نواكشوط وفد من قيادة أركان الجيوش الفرنسية و آخر من قيادة قوة "" بارخان "".","كما يشارك في لقاء نواكشوط وفد من قيادة أركان الجيوش الفرنسية و يشارك في لقاء نواكشوط وفد آخر من قيادة قوة "" بارخان ""."
أنا أدرس الجغرافيا وهو التاريخ,أنا أدرس الجغرافيا وهو يدرس التاريخ
شكرا سيدي الرئيس، صحيح أنها عدلت ولكن لماذا ؟,شكرا سيدي الرئيس، صحيح أنها عدلت ولكن لماذا عدلت؟
موسكو,موسكو
كلها معلومات قيمه .. ولكن للأسف يجهلها الكثير من الرجال وكذلك النساء.,كلها معلومات قيمه .. ولكن للأسف يجهلها الكثير من الرجال وكذلك يجهلها الكثير من النساء.
الأكسجين,الأكسجين
من هي قدوتك من الصحابيات رضوان الله عليهن و لماذا ؟,من هي قدوتك من الصحابيات رضوان الله عليهن و لماذا هي قدوتك ؟
هي طلبت فراخ وأنا لحم,هي طلبت فراخ وأنا طلبت لحم
قال سبعة إنهم اختطفوا في 2012 و12 شخصاً في 2011 وشخص واحد في 2010 و آخر في 2009.,قال سبعة إنهم اختطفوا في 2012 و12 شخصاً اختطفوا في 2011 وشخص واحد اختطف في 2010 و آخر اختطف في 2009.
يا بني: الموتى فقط هم من يذوقون طعم الموت، أما الأحياء فلا.,يا بني: الموتى فقط هم من يذوقون طعم الموت، أما الأحياء فلا يذوقون طعم الموت.
هناك جلسة مهمة عن استراتيجيات التواصل مع الإدارة الاميركية و أخرى عن العمل مع المشترعين الأمريكيين,هناك جلسة مهمة عن استراتيجيات التواصل مع الإدارة الاميركية و أخرى عن العمل مع المشترعين الأمريكيين
فكيف حدث ذلك وأيعقل أن يقتل الابن أباه ويفر ولكن لماذا ؟,فكيف حدث ذلك وأيعقل أن يقتل الابن أباه ويفر ولكن لماذا يفر؟
من المحتمل أن تعمل الأزمة الحالية على إعادة صياغة العولمة بطريقة أو بأخرى. ولكن كيف ؟,من المحتمل أن تعمل الأزمة الحالية على إعادة صياغة العولمة بطريقة أو بأخرى. ولكن كيف ستعمل الأزمة الحالية على إعادة صياغة العولمة؟
الآلة الحاسبة أو التطبيقات.,الآلة الحاسبة أو التطبيقات.
النظام الاجتماعي,النظام الاجتماعي
نعم نوفر التحويل عبر الراجح وكذلك ويسترن يونيون لباقي أنحاء العالم,نعم نوفر التحويل عبر الراجح وكذلك نوفر التحويل عبر ويسترن يونيون لباقي أنحاء العالم
نرجو تشكيل لجنة لبحث هذا الامر لدينا شكاوى مسلمة باليد و أخرى عن طريق الفاكس والاميل,نرجو تشكيل لجنة لبحث هذا الامر لدينا شكاوى مسلمة باليد و أخرى مسلمة عن طريق الفاكس والاميل
في المواقع الموثوقة.,في المواقع الموثوقة.
يُضاف إليهم عنصر في القوات المسلحة الكونغولية و آخر في الجيش الرواندي.,يُضاف إليهم عنصر في القوات المسلحة الكونغولية و يُضاف إليهم عنصر آخر في الجيش الرواندي.
هم يلعبون كرة السلة ونحن كرة القدم,هم يلعبون كرة السلة ونحن نلعب كرة القدم
الملابس الدافئة والكنزات والجوارب.,الملابس الدافئة والكنزات والجوارب.
إذا كان القرآن قد نزل في شهر رمضان وفي ليلة القدر حسب آيتين في القرآن ، فإن ليلة القدر تقع في هذا الشهر الكريم ، ولكن متى ؟,إذا كان القرآن قد نزل في شهر رمضان وفي ليلة القدر حسب آيتين في القرآن ، فإن ليلة القدر تقع في هذا الشهر الكريم ، ولكن متى تقع ليلة القدر؟
وثائق مسربة قال إنها لوزارة الخارجية السعودية وأخرى عن وزارة الداخلية والاستخبارات العامة في هذا البلد,وثائق مسربة قال إنها لوزارة الخارجية السعودية وأخرى قال إنها عن وزارة الداخلية والاستخبارات العامة في هذا البلد
قرأت فى الثانية عشر كتابا عن شوبنهاور وآخر عن أديناور أول مستشار لجمهورية ألمانيا الاتحادية,قرأت فى الثانية عشر كتابا عن شوبنهاور وقرأت فى الثانية عشر كتابا آخر عن أديناور أول مستشار لجمهورية ألمانيا الاتحادية
جدول الأعمال الحاجة الملحة لإعادة بناء الحزب. لكن كيف ؟,جدول الأعمال الحاجة الملحة لإعادة بناء الحزب. لكن كيف يمكن إعادة بناء الحزب؟
البرتغالية,البرتغالية
القاضي يمكن أن يكون حدسياً، أما المحقق فلا.,القاضي يمكن أن يكون حدسياً، أما المحقق فلا يمكن أن يكون حدسياً.
الهيليوم,الهيليوم
الكبار,الكبار
"هذا إقتراح بسيط كحل أراه حل عملى لهذه المشكلة وهو تمويل البحث العلمى, ولكن كيف ؟","هذا إقتراح بسيط كحل أراه حل عملى لهذه المشكلة وهو تمويل البحث العلمى, ولكن كيف يتم تمويل البحث العلمي؟"
الأردن تقع شرق النيل والسعودية غربه,الأردن تقع شرق النيل والسعودية تقع غربه
إلى الشاطئ أو الجبل.,إلى الشاطئ أو إلى الجبل.
هادريان,هادريان
على البحر.,على البحر.
تي إس إليوت,تي إس إليوت
الين,الين
سألته هل يمكن أن نجري لقاء تلفزيونيا ؟ لم يكن متحمساً ، لكنه وافق.,سألته هل يمكن أن نجري لقاء تلفزيونيا ؟ لم يكن متحمساً ، لكنه وافق على إجراء لقاء تلفزيوني.
يرد على من يقول بأن التوسل كان جائزاً أثناء حياته صلى الله عليه وسلم ولكن بعد وفاته فلا.,يرد على من يقول بأن التوسل كان جائزاً أثناء حياته صلى الله عليه وسلم ولكن بعد وفاته فلا يرد على من يقول بأن التوسل كان جائزاً.
البطيء,البطيء
النهاية,النهاية
هم يلعبون كرة الطاولة ونحن كرة القدم,هم يلعبون كرة الطاولة ونحن نلعب كرة القدم
من المحترفين الطبيين.,من المحترفين الطبيين.
المكونات الطازجة.,المكونات الطازجة.
هل واجهتِ صعوبات في مسيرتك الرياضية؟ وكيف ؟,هل واجهتِ صعوبات في مسيرتك الرياضية؟ وكيف واجهتِ تلك الصعوبات؟
خرج أحد المعارضين ليعلن أن كل هذا لايساوي شيئا ولكن لماذا ؟,خرج أحد المعارضين ليعلن أن كل هذا لايساوي شيئا ولكن لماذا خرج ليعلن أن كل هذا لايساوي شيئا؟
باريس,باريس
دورة في فك أجزاء المحرك وإعادة التركيب والتشغيل، و أخرى عن كشف الأعطال الشائعة في السيارة,دورة في فك أجزاء المحرك وإعادة التركيب والتشغيل، و أخرى عن كشف الأعطال الشائعة في السيارة
نحن نتعلم الرقص وهم التمثيل,نحن نتعلم الرقص وهم يتعلمون التمثيل
أنا أركض في الغابة وهو في الجبال,أنا أركض في الغابة وهو يركض في الجبال
في المكتبات.,في المكتبات.
اثنان,اثنان
ويتم عزل الأسرى فيها تماماً عن العالم الخارجي، وكذلك عن عالم السجن الداخلي.,ويتم عزل الأسرى فيها تماماً عن العالم الخارجي، وكذلك يتم عزل الأسرى فيها تماماً عن عالم السجن الداخلي.
في المؤسسات الخيرية.,في المؤسسات الخيرية.
في صناديق التبرع.,في صناديق التبرع.
في الأسواق.,في الأسواق.
نعم القرآن يدل على أن الأمر توجه إلى إبليس كما قد توجه إلى الملائكة ، ولكن لماذا ؟,نعم القرآن يدل على أن الأمر توجه إلى إبليس كما قد توجه الأمر إلى الملائكة ، ولكن لماذا توجه الأمر إلى إبليس ؟
على الشواطئ وفي الأماكن السياحية.,على الشواطئ وفي الأماكن السياحية توجد الكثير من الأنشطة الترفيهية.
في المؤسسات الخيرية والمدارس.,في المؤسسات الخيرية والمدارس.
بالاستماع والقراءة والكتابة والتحدث.,بالاستماع والقراءة والكتابة والتحدث.
في جميع الأوقات.,في جميع الأوقات.
أغلب النساء يفضلن الرجل طويل القامة، ولكن لماذا ؟,أغلب النساء يفضلن الرجل طويل القامة، ولكن لماذا يفضلن الرجل طويل القامة؟
في المرة الأولى تساهلت معك ولكن الآن فلا,في المرة الأولى تساهلت معك ولكن الآن فلا أتساهل معك
من خلال ما سبق هل كنت تتوقع ما أقرته بريطانيا و فرنسا في مؤتمر سان ريمو 1920 م ولماذا ؟,من خلال ما سبق هل كنت تتوقع ما أقرته بريطانيا و فرنسا في مؤتمر سان ريمو 1920 م ولماذا كنت تتوقع ذلك؟
تقديم بلاغات إلكترونياً ضد أي رجل أمن يستخدم سلطته بشكل مسيء، وكذلك ضد المحرضين والمتجاوزين بشبكات التواصل الاجتماعي,تقديم بلاغات إلكترونياً ضد أي رجل أمن يستخدم سلطته بشكل مسيء، وكذلك تقديم بلاغات إلكترونياً ضد المحرضين والمتجاوزين بشبكات التواصل الاجتماعي
ومندوب عن مديرية الزراعة بالمحافظة، و آخر عن الاتصال السياسي بمديرية التربية والتعليم.,ومندوب عن مديرية الزراعة بالمحافظة، ومندوب آخر عن الاتصال السياسي بمديرية التربية والتعليم.
الأردن تحدها السعودية والعراق إيران,الأردن تحدها السعودية والعراق يحده إيران
الموز,الموز
وأوضح العقيد شما أن حريقين اندلعا اليوم في ريف منطقة بانياس و آخر في صافيتا.,وأوضح العقيد شما أن حريقين اندلعا اليوم في ريف منطقة بانياس و حريقًا آخر اندلع في صافيتا.
المسافر يفطر نعم ولكن متى ؟,المسافر يفطر نعم ولكن متى يفطر المسافر؟
في صناديق تخزين خاصة.,في صناديق تخزين خاصة.
ففي العادة كل سنة أتذكّر بعض المواقف التي كنتُ أفعلُها في الماضي وأحاول نسيانها، أما هذه السنة فلا.,ففي العادة كل سنة أتذكّر بعض المواقف التي كنتُ أفعلُها في الماضي وأحاول نسيانها، أما هذه السنة فلا أتذكّر بعض المواقف التي كنتُ أفعلُها في الماضي ولا أحاول نسيانها.
فلاديمير لينين,فلاديمير لينين
الأخضر,الأخضر
بعد اتمام استبيان عن الرؤية و آخر عن الترقي والثواب والعقاب في وسائل الإعلام,بعد اتمام استبيان عن الرؤية و آخر عن الترقي والثواب والعقاب في وسائل الإعلام
طوكيو,طوكيو
سبق أن نشرنا إعلانا عن سيارة فورد تاونس موديل 1962 و آخر عن سيارة فورد جالاكسي.,سبق أن نشرنا إعلانا عن سيارة فورد تاونس موديل 1962 و سبق أن نشرنا إعلانا آخر عن سيارة فورد جالاكسي.
في الأوقات الصعبة.,في الأوقات الصعبة.
فالمرأة إنسانٌ راشدٌ، ومسؤولة عن أفعالها بشكل كامل والرجل كذلك.,فالمرأة إنسانٌ راشدٌ، ومسؤولة عن أفعالها بشكل كامل والرجل كذلك مسؤول عن أفعاله بشكل كامل.
أنا ألعب كرة الطائرة وهو كرة القدم,أنا ألعب كرة الطائرة وهو يلعب كرة القدم
النيتروجين,النيتروجين
وفي هذا السياق كشفت مصادر صناعية و أخرى في اتحاد التجارة الإيطالي أن إغلاق الصناعات قد يرفع جزئيا نهاية الشهر.,وفي هذا السياق كشفت مصادر صناعية و كشفت مصادر أخرى في اتحاد التجارة الإيطالي أن إغلاق الصناعات قد يرفع جزئيا نهاية الشهر.
باستخدام كلمات مرور قوية.,باستخدام كلمات مرور قوية.
حان الوقت لتبادل بعض العملات والاستفادة منه! ولكن كيف ؟,حان الوقت لتبادل بعض العملات والاستفادة منه! ولكن كيف يمكننا أن نفعل ذلك؟
مؤسسا مدينة روما,مؤسسا مدينة روما هما رومولوس وريموس.
وكان الشهيد قد وصل الى المستشفى مصابا برصاصة في الرأس و أخرى في الصدر.,وكان الشهيد قد وصل الى المستشفى مصابا برصاصة في الرأس و برصاصة أخرى في الصدر.
ما المعلومات التي يمكن حجبها عن عامة الناس ؟ و لماذا ؟,ما المعلومات التي يمكن حجبها عن عامة الناس ؟ و لماذا يمكن حجبها؟
إذ لابد أن ينزلوا من فوقها ولكن كيف ؟,إذ لابد أن ينزلوا من فوقها ولكن كيف ينزلوا من فوقها؟
لا بد أن نتغير ولكن كيف ؟,لا بد أن نتغير ولكن كيف يجب أن نتغير؟
الاستناد إلى التقدم المحرز في الدورات السابقة للجمعية العامة للجمعية العامة وكذلك إلى القرارات السابقة,الاستناد إلى التقدم المحرز في الدورات السابقة للجمعية العامة للجمعية العامة وكذلك إلى القرارات السابقة
الكاميرات والعدسات.,الكاميرات والعدسات.
قال السنوسي إنه في جلسات الاتهام طلب من القاضي أن يراجع الشهادات المقدمة بحقه لكنه رفض.,قال السنوسي إنه في جلسات الاتهام طلب من القاضي أن يراجع الشهادات المقدمة بحقه لكنه رفض أن يراجع الشهادات المقدمة بحقه.
تبدلت حالتي وتحولت في لحظات هل لأنني رأيته ولكن لماذا ؟,تبدلت حالتي وتحولت في لحظات هل لأنني رأيته ولكن لماذا تبدلت حالتي وتحولت في لحظات؟
برمي القمامة في الحاويات.,برمي القمامة في الحاويات.
أفضت إلى كشف عمليات احتيالية تظهر وجود المواد الغذائية ولكن فقط على الورق، أما على أرض الواقع فلا.,أفضت إلى كشف عمليات احتيالية تظهر وجود المواد الغذائية ولكن فقط على الورق، أما على أرض الواقع فلا توجد المواد الغذائية.
باختيار وظيفة مناسبة.,باختيار وظيفة مناسبة.
دمتم بكل الخير و الحب و السلام نعم يوجد علاج! ولكن أين ؟,دمتم بكل الخير و الحب و السلام نعم يوجد علاج! ولكن أين يوجد العلاج؟
رحب بها بحرارة وطلب منها أن تجلس لترتاح لكنها رفضت.,رحب بها بحرارة وطلب منها أن تجلس لترتاح لكنها رفضت أن تجلس لترتاح.
بالتعلم المستمر.,بالتعلم المستمر.
ولدينا قناعة بأن الكل سيعترف بفلسطين، ولكن متى ؟,ولدينا قناعة بأن الكل سيعترف بفلسطين، ولكن متى سيعترف الكل بفلسطين؟
فالملائكة تنزل من السماء والشياطين أيضا.,فالملائكة تنزل من السماء والشياطين تنزل من السماء أيضا.
عمال الضفائر يتظاهرون تضامنا مع إضراب المحلة,عمال الضفائر يتظاهرون تضامنا مع إضراب عمال المحلة
غني,غني
كان المرور ينزل ويقوم بحملات ضد هذه السيارات قبل الثورة، أما الان فلا.,كان المرور ينزل ويقوم بحملات ضد هذه السيارات قبل الثورة، أما الان فلا ينزل المرور ولا يقوم بحملات ضد هذه السيارات.
باستمرار تحسين مهاراتنا.,باستمرار نحن نقوم بتحسين مهاراتنا.
فمن الواضح أن يسوع شفى الرجل تدريجيا، أو على مراحل. ولكن لماذا ؟,فمن الواضح أن يسوع شفى الرجل تدريجيا، أو على مراحل. ولكن لماذا فعل يسوع ذلك؟
كما سيقام مؤتمر طفل القرية بقصر ثقافة تصفا بمحافظة القليوبية و آخر عن الحرف التقليدية رؤية مستقبلية.,كما سيقام مؤتمر طفل القرية بقصر ثقافة تصفا بمحافظة القليوبية و سيقام مؤتمر آخر عن الحرف التقليدية رؤية مستقبلية.
بطرق تعليمية ممتعة.,يقوم المعلم بتدريس الطلاب بطرق تعليمية ممتعة.
لو كان لديك آلة زمن أي زمن ستختارين و لماذا ؟,لو كان لديك آلة زمن أي زمن ستختارين و لماذا ستختارين ذلك الزمن؟
الغربيون غالباً ما ينسون هذه الحقيقة، أما غير الغربيين فلا.,الغربيون غالباً ما ينسون هذه الحقيقة، أما غير الغربيين فلا ينسون هذه الحقيقة.
لم أنم جيدا منذ شهور!! كما أن معدتي تؤلمني جدا وظهري أيضا.,لم أنم جيدا منذ شهور!! كما أن معدتي تؤلمني جدا وظهري يؤلمني أيضا.
نابليون بونابرت,نابليون بونابرت
بمنحها العناية والحب.,بمنحها العناية والحب.
هل يمكن ذلك عن طريق أى جامعة أجنبية أو عربية و كيف ؟,هل يمكن ذلك عن طريق أى جامعة أجنبية أو عن طريق أي جامعة عربية و كيف يمكن ذلك؟
فيلم تسجيلى عن بداية تأسيس المستشفى و آخر عن أشهر الفنانين الذين قاموا بزيارة بهية.,فيلم تسجيلى عن بداية تأسيس المستشفى و آخر فيلم تسجيلي عن أشهر الفنانين الذين قاموا بزيارة بهية.
الشباب يتسوقون من المواقع الإلكترونية ونحن من المتاجر التقليدية,الشباب يتسوقون من المواقع الإلكترونية ونحن نتسوق من المتاجر التقليدية
متى حدثت معركة ذات السواري و أين ؟,متى حدثت معركة ذات السواري و أين حدثت معركة ذات السواري ؟
فدراسة تتحدث عن الفوائد وعن المضار,فدراسة تتحدث عن الفوائد وتتحدث عن المضار
الغراء أو البراغي.,الغراء أو البراغي.
من يحطم التماثيل؟ الفاشلون والناجحون أيضا.,من يحطم التماثيل؟ الفاشلون يحطمون التماثيل والناجحون يحطمون التماثيل أيضا.
ثم عاد الضيف بقصيدة عن ذكرى عبور السويس و أخرى عن الغزل,ثم عاد الضيف بقصيدة عن ذكرى عبور السويس و أخرى عن الغزل
من حيث المبدأ الدعم بشكله الحالي فيه إهدار كبير ويستفيد منه ميسور الحال أكثر من المحتاج ووجب اصلاحه، ولكن كيف ؟,من حيث المبدأ الدعم بشكله الحالي فيه إهدار كبير ويستفيد منه ميسور الحال أكثر من المحتاج ووجب اصلاحه، ولكن كيف وجب اصلاحه؟
يجب أن انتقل إلى شقتي! ولكن كيف ؟,يجب أن انتقل إلى شقتي! ولكن كيف يجب أن انتقل إلى شقتي؟
لأن المرأة عبر التاريخ استخدمت كأداة لوظائف محددة والرجل كذلك.,لأن المرأة عبر التاريخ استخدمت كأداة لوظائف محددة والرجل استخدم كأداة لوظائف محددة كذلك.
جوزيف ستالين,جوزيف ستالين
هم يسافرون إلى أمريكا ونحن إلى أوروبا,هم يسافرون إلى أمريكا ونحن نسافر إلى أوروبا
إذا شعرت ان البيت قد كثرت فيه المشاكل فاعلم أن الشيطان هناك فعليك أن تجتهد بطرده ولكن كيف ؟,إذا شعرت ان البيت قد كثرت فيه المشاكل فاعلم أن الشيطان هناك فعليك أن تجتهد بطرده ولكن كيف تجتهد بطرده ؟
بتعليمهم أهميته.,بتعليمهم أهميته.
